b0c43r8srb,B0C43R8SRB,694318026236,0694318026236
b09d914618,B09D914618,195174018903,0195174018903
b0c4n37v2z,B0C4N37V2Z,885155040640,0885155040640
b0btwb72rm,B0BTWB72RM,841300102304,0841300102304
b0bl3nzt5d,B0BL3NZT5D,190021074545,0190021074545
b07c2z21x5,B07C2Z21X5,013803302721,0013803302721
b07tnm8l6s,B07TNM8L6S,192876341186,0192876341186
b09bblh4sg,B09BBLH4SG,027242922129,0027242922129
b0c415nhbm,B0C415NHBM,853816000418,0853816000418
b08965jv8d,B08965JV8D,027242920552,0027242920552
b08c4lc7tg,B08C4LC7TG,885155023452,0885155023452
b0cs6gjjjg,B0CS6GJJJG,190021105188,6941565980083
b0b3cmhsxs,B0B3CMHSXS,736816198722,0653485051410
b0b4lx5fnh,B0B4LX5FNH,753759283599,0753759283605
b096hd7wyc,B096HD7WYC,029757008060,0029757008060
b09n3cjncb,B09N3CJNCB,888506830044,0888506830044
b0bs1xzy7t,B0BS1XZY7T,753759313838,0753759313838
b0cg19qxwd,B0CG19QXWD,,6941565969873
b083xl35yj,B083XL35YJ,800549950299,0800549950299
b0cdc6h66y,B0CDC6H66Y,753759314743,0753759314743
b00lp3dcdi,B00LP3DCDI,077283912511,0011411366876
b079yw5vql,B079YW5VQL,027242908406,0027242908406
b0bttv6ct1,B0BTTV6CT1,013803351415,0013803351415
b073ygj5kb,B073YGJ5KB,141940397635,0632317252232
b09bd6bc55,B09BD6BC55,043774034918,0043774034918
b016apl8ea,B016APL8EA,042406470162,0042406470162
b00nd1kgei,B00ND1KGEI,663961044904,0663961044997
b0bgm5wrq1,B0BGM5WRQ1,013803347821,0013803347821
b08kymxyvq,B08KYMXYVQ,747705007247,0747705007247
b08t9zs495,B08T9ZS495,884354023638,0884354023638
b00hvlur54,B00HVLUR54,,4961310125424
b0002e4z8m,B0002E4Z8M,042406088879,0716053675859
b0cnkhl7zj,B0CNKHL7ZJ,,
b07n3xj66n,B07N3XJ66N,,4961310147136
b07d7ypzqg,B07D7YPZQG,079767314859,0079767314859
b09pskg7c3,B09PSKG7C3,753759281236,0753759281236
b07m8gld4r,B07M8GLD4R,,4043034164184
b0cbhc8vsx,B0CBHC8VSX,,6938122251519
b07mzpr5gp,B07MZPR5GP,884354020262,0884354020262
b0c8bt4pqb,B0C8BT4PQB,029743060492,0029743060492
b0chy4gpxj,B0CHY4GPXJ,819177026719,0819177026719
b0by3kdypt,B0BY3KDYPT,195133168212,0195133168212
b072mzss37,B072MZSS37,,4033653071093
b0835qqm1h,B0835QQM1H,614252307253,0614252376396
b0byfd4qbj,B0BYFD4QBJ,753759317706,0753759317706
b00ioqadyu,B00IOQADYU,694318016213,0694318016213
b07hnw68zc,B07HNW68ZC,815820020271,0815820020271
b07y5nnp2b,B07Y5NNP2B,810030052395,0810030052395
b0bk25sy9g,B0BK25SY9G,841300102298,0841300102298
b09z792wwf,B09Z792WWF,195553263825,0195553263825
b07ffntljd,B07FFNTLJD,817882025041,0817882025041
b084h48cyn,B084H48CYN,042406613385,0042406613385
b0842ydq3q,B0842YDQ3Q,043774034499,0043774034499
b08kyldbdn,B08KYLDBDN,352937870165,0352937870165
b0cstct28w,B0CSTCT28W,761294520413,0761294520413
b08zt31qcn,B08ZT31QCN,766907011494,0766907011494
b07n3fc7n3,B07N3FC7N3,043774033669,0043774033669
b0bkt9xk4h,B0BKT9XK4H,694318025208,0694318025208
b088mkb54b,B088MKB54B,192876691151,0192876691151
b0bqh4knbr,B0BQH4KNBR,698813010523,0698813010523
b09jzrwrjn,B09JZRWRJN,027242923584,0027242923584
b09c1r3fc5,B09C1R3FC5,849285083670,0849285083670
b0chy9cy3y,B0CHY9CY3Y,819177026900,0819177026900
b01g7qxyoe,B01G7QXYOE,837088002264,0837088002264
b0bmqp4z5p,B0BMQP4Z5P,753759309435,0753759309435
b000r8etkw,B000R8ETKW,013227217335,0013227217335
b01n5tehli,B01N5TEHLI,768795832403,0768795832403
b000guktdm,B000GUKTDM,050234110686,0050234110686
b016apl8d6,B016APL8D6,042406470674,0042406470674
b01mtal3m8,B01MTAL3M8,748252153845,4033653070355
b07b43wpvk,B07B43WPVK,027242910768,0027242910768
b08k2yfndw,B08K2YFNDW,047406176953,0047406176953
b0cddy8f9l,B0CDDY8F9L,810116380275,0810116380275
b00ar0a3v4,B00AR0A3V4,871015006895,0871015006895
b01lwyskyr,B01LWYSKYR,707427724174,0707427724174
b08ty6jh9m,B08TY6JH9M,,4029547023569
b000o3luei,B000O3LUEI,646635094931,0642008667146
b07g5s1j6l,B07G5S1J6L,043774033911,0043774033911
b099p1db5n,B099P1DB5N,761294518779,0761294518779
b082vmwrfl,B082VMWRFL,858028008252,0858028008252
b005rvskko,B005RVSKKO,761294501078,4957054501075
b0845qfdvm,B0845QFDVM,192876505939,0192876505939
b0b1157ksj,B0B1157KSJ,761294518830,0761294518823
b07b45d8wv,B07B45D8WV,027242910775,0027242910775
b0b7x2lxq6,B0B7X2LXQ6,190021068988,0190021068988
b00ar0a4ky,B00AR0A4KY,013088410302,0750408384621
b0cb2hgr9q,B0CB2HGR9Q,698813010943,0698813010943
b09slg9xzb,B09SLG9XZB,761294518328,0761294518328
b001uyumfi,B001UYUMFI,731201156776,0731201156776
b0009gwnoq,B0009GWNOQ,840402021667,0840402021667
b0bgqgbw8j,B0BGQGBW8J,027242925533,0027242925533
b00o8u3zi2,B00O8U3ZI2,884938245128,4988028245237
b0bbps2v5s,B0BBPS2V5S,810056049263,0810056049263
b08pzhywjs,B08PZHYWJS,194252244968,0194252244944
b0886zpwc8,B0886ZPWC8,694318024874,0694318024874
b0bdr8thmj,B0BDR8THMJ,010343972360,0010343972360
b07j2lv1n1,B07J2LV1N1,614252306973,0614252306973
b0b2rc74c8,B0B2RC74C8,,6953175760818
b07mscrcvk,B07MSCRCVK,698813005567,6988130055678
b07qr6z1jb,B07QR6Z1JB,815301005179,0815301005179
b00o8068m2,B00O8068M2,794504551815,4033653180351
b087x9d1g2,B087X9D1G2,,4752224006462
b003tsefkq,B003TSEFKQ,714573521922,0714573521922
b0bs1t9j4y,B0BS1T9J4Y,753759313715,0753759313715
b0cbnd8g4p,B0CBND8G4P,027242926240,0027242926240
b08lcmyt54,B08LCMYT54,192876927212,0192876927212
b07n3fdt3m,B07N3FDT3M,043774033683,0043774033683
b000x4o9wi,B000X4O9WI,095969288675,9789792280210
b08tgkx9mt,B08TGKX9MT,840030701023,0840030701023
b0bdjjsdrg,B0BDJJSDRG,843812171342,0843812171342
b079l75nbl,B079L75NBL,615435503851,7896359557929
b00ii08gzk,B00II08GZK,008474927113,0008474927113
b09q82sv36,B09Q82SV36,841300102199,0841300102199
b0b3sqk74l,B0B3SQK74L,840030707483,0840030707483
b0bsvq12ms,B0BSVQ12MS,753759313500,0753759313500
b0c4r997l7,B0C4R997L7,195112044568,0195112044568
b00dcymvb2,B00DCYMVB2,086792974729,0086792974729
b074wg5tcq,B074WG5TCQ,840402041610,0840402041610
b0cb95fw31,B0CB95FW31,761294520260,0761294520260
b0b8dsjkth,B0B8DSJKTH,012502670490,0012502670490
b07xjvbz91,B07XJVBZ91,,4042477266608
b08p7bqr6g,B08P7BQR6G,,
b0ccsvywmh,B0CCSVYWMH,042406756860,0042406756860
b0cv2jqnx1,B0CV2JQNX1,810075659153,0810075659153
b097tvdp16,B097TVDP16,761294517826,0761294517826
b0cxky7jyz,B0CXKY7JYZ,196388285143,0196388285143
b0c9m8sdd8,B0C9M8SDD8,781462223533,0781462223533
b0b27kknzv,B0B27KKNZV,013803340617,4549292185447
b09mckyp3s,B09MCKYP3S,632111337845,0632111337845
b0bvwdj9l6,B0BVWDJ9L6,,5705260099324
b09q99yt7f,B09Q99YT7F,644216666201,0644216666201
b07ftpx71f,B07FTPX71F,190021113466,0190021113466
b018g63pss,B018G63PSS,694318018774,0694318018774
b00ubjnnya,B00UBJNNYA,602003612619,0600599652637
b07662zd8j,B07662ZD8J,768430819844,0768430819844
b06y39h6fh,B06Y39H6FH,761294509548,0761294509548
b00bzqrabk,B00BZQRABK,013167000974,0013167000974
b084qbsqgw,B084QBSQGW,027242925137,0027242920330
b0cl5fg7qj,B0CL5FG7QJ,753759330736,0753759330736
b08wjkkd47,B08WJKKD47,027242921450,0027242921450
b08gl4qsfh,B08GL4QSFH,010343959217,0010343959217
b00jnvforq,B00JNVFORQ,735548572381,0735548572381
b08m3b9754,B08M3B9754,842126101700,0842126101700
b0b5gnd6st,B0B5GND6ST,,
b07kfyh4td,B07KFYH4TD,694318023426,0694318023426